,Date,Loc,Opponent,W/L,Score,AB,R,H,RBI,2B,3B,HR,BB,IBB,SB,CS,HBP,SH,SF,GDP,K,PO,A,E,AVG,team_name
0,2/25/2024,at,Rutgers-Newark,L,4-5,34,4,6,3,4,0,0,8,0,2,2,2,0,1,0,5,28,9,2,0.176,baseball
1,2/25/2024,at,Rutgers-Newark,L,3-6,32,3,5,1,0,0,0,5,0,0,1,0,1,0,1,5,24,8,2,0.156,baseball
2,3/3/2024,at,Eastern,W,6-5,27,6,9,6,0,0,1,2,0,0,2,3,0,0,0,3,21,4,1,0.333,baseball
3,3/3/2024,at,Eastern,L,0-9,24,0,5,0,1,0,0,0,0,0,1,1,0,0,1,10,18,10,1,0.208,baseball
4,3/10/2024,vs,Gwynedd Mercy,W,9-4,37,9,13,9,1,0,1,5,0,1,0,0,0,0,0,6,27,12,2,0.351,baseball
5,3/10/2024,vs,Emerson,L,3-7,34,3,6,3,2,0,0,1,0,1,0,1,0,1,0,13,24,12,5,0.176,baseball
6,3/11/2024,vs,Springfield,L,3-4,24,3,5,3,1,1,0,1,0,0,0,0,0,1,0,4,18,3,1,0.208,baseball
7,3/11/2024,vs,Springfield,W,6-3,25,6,7,6,0,0,2,6,0,0,0,0,0,0,0,10,21,13,3,0.28,baseball
8,3/15/2024,at,TCNJ,L,3-11,21,3,3,3,0,0,1,5,0,0,0,0,0,0,1,12,18,8,2,0.143,baseball
9,3/15/2024,,TCNJ,L,0-12,21,0,1,0,0,0,0,1,0,0,0,2,0,0,1,11,21,6,2,0.048,baseball
10,3/16/2024,vs,RIT,W,10-3,37,10,10,9,0,0,0,10,0,2,0,0,0,0,0,12,27,6,1,0.27,baseball
11,3/16/2024,vs,Keystone,L,2-15,26,2,5,2,0,0,0,5,0,1,0,0,0,0,0,16,21,8,3,0.192,baseball
12,3/19/2024,,Neumann,L,7-8,37,7,12,7,4,0,0,7,0,4,0,1,0,1,0,6,27,8,2,0.324,baseball
13,3/20/2024,,Penn State Berks,W,24-7,38,24,16,23,4,0,1,25,0,0,0,2,0,2,0,8,24,10,0,0.421,baseball
14,3/24/2024,,New Jersey City,L,1-4,26,1,4,1,3,0,0,1,0,0,0,0,0,0,0,11,21,11,1,0.154,baseball
15,3/24/2024,,New Jersey City,W,9-6,31,9,14,9,1,1,0,4,1,0,1,1,0,0,0,9,21,6,1,0.452,baseball
16,3/25/2024,,Albright,L,5-12,36,5,8,5,3,0,0,4,0,0,0,1,0,0,1,6,27,16,5,0.222,baseball
17,3/30/2024,,McDaniel,L,3-9,38,3,11,3,1,0,2,4,0,1,0,2,0,0,0,6,27,9,1,0.289,baseball
18,3/30/2024,,McDaniel,L,4-11,37,4,11,3,5,0,0,2,0,0,0,1,0,0,1,6,27,4,2,0.297,baseball
19,4/5/2024,at,Swarthmore,L,0-10,30,0,5,0,1,0,0,3,0,0,2,3,0,0,0,8,27,7,3,0.167,baseball
20,4/5/2024,at,Swarthmore,L,4-19,23,4,3,3,1,0,0,6,0,0,0,2,0,0,3,4,18,8,1,0.13,baseball
21,4/6/2024,at,Gettysburg,L,2-6,32,2,6,2,0,0,0,0,0,1,0,0,0,0,1,9,24,3,1,0.188,baseball
22,4/6/2024,at,Gettysburg,L,4-5,33,4,9,3,1,1,0,1,0,0,1,1,0,0,2,5,25,9,4,0.273,baseball
23,4/9/2024,at,Dickinson,L,3-14,27,3,8,3,3,0,0,4,0,2,0,3,0,1,1,8,18,5,5,0.296,baseball
24,4/10/2024,at,King's (Pa.),L,6-15,40,6,12,6,2,0,0,1,0,1,0,0,0,0,0,3,24,6,4,0.3,baseball
25,4/13/2024,at,Franklin & Marshall,W,3-1,32,3,7,2,2,1,0,4,0,1,2,2,2,0,0,6,27,4,2,0.219,baseball
26,4/13/2024,at,Franklin & Marshall,L,4-7,32,4,6,4,0,0,0,5,0,1,1,2,0,0,1,9,24,11,4,0.188,baseball
27,4/14/2024,,Dickinson,L,8-11,40,8,10,7,3,0,1,1,0,1,0,4,3,0,0,12,33,17,2,0.25,baseball
28,4/16/2024,,Haverford,L,6-13,33,6,11,6,0,1,1,4,0,1,0,1,1,1,2,10,27,8,1,0.333,baseball
29,4/19/2024,at,Haverford,L,5-9,34,5,8,5,1,0,2,2,0,0,0,1,1,0,0,4,24,9,0,0.235,baseball
30,4/20/2024,,Johns Hopkins,L,0-15,25,0,3,0,0,0,0,3,0,0,0,0,0,0,0,9,21,6,0,0.12,baseball
31,4/20/2024,,Johns Hopkins,L,2-19,25,2,6,1,1,0,1,4,0,1,0,0,0,0,1,10,21,2,1,0.24,baseball
32,4/23/2024,,Ursinus,W,8-7,36,8,11,6,0,0,0,9,1,0,0,1,3,0,0,8,30,16,2,0.306,baseball
33,4/24/2024,at,King's (Pa.),L,6-7,40,6,7,6,2,0,0,5,1,0,0,1,1,0,0,10,32,8,1,0.175,baseball
34,4/26/2024,at,Ursinus,W,3-2,33,3,7,3,1,0,2,2,0,1,0,0,0,0,1,7,27,12,1,0.212,baseball
35,4/27/2024,at,Washington College,L,9-10,51,9,13,8,6,0,1,4,0,1,0,0,1,0,1,15,34,7,0,0.255,baseball
36,4/27/2024,at,Washington College,L,5-7,34,5,7,5,2,0,1,3,0,1,0,1,1,0,0,7,24,3,0,0.206,baseball
37,4/29/2024,at,Albright,L,6-10,38,6,13,6,3,0,0,1,0,1,1,1,0,1,0,8,24,7,4,0.342,baseball
38,4/30/2024,at,DeSales,L,5-13,36,5,8,5,0,0,0,5,0,2,0,2,0,0,1,4,24,7,3,0.222,baseball
39,Total,,,,191-341,1259,191,311,177,59,5,17,163,3,27,14,42,14,9,20,315,950,318,76,,baseball
40,2/26/2023,at,St. Mary's (Md.),W,4-3,30,4,8,2,1,0,1,3,0,1,0,1,0,1,0,5,21,9,3,0.267,baseball
41,2/26/2023,at,St. Mary's (Md.),L,5-15,24,5,4,4,2,0,0,5,0,2,0,4,0,1,0,8,18,9,0,0.167,baseball
42,3/2/2023,at,Lebanon Valley,T,7-7,28,7,6,6,4,0,1,10,0,2,0,1,2,1,0,12,24,7,0,0.214,baseball
43,3/5/2023,at,Albright,W,13-2,34,13,14,12,3,0,0,5,0,3,0,3,0,1,0,2,21,13,1,0.412,baseball
44,3/5/2023,at,Albright,W,7-4,25,7,5,5,2,0,0,6,0,0,2,1,0,1,0,4,21,5,1,0.2,baseball
45,3/9/2023,,Eastern,L,5-9,33,5,7,4,1,1,0,9,0,3,1,3,0,1,0,9,27,11,3,0.212,baseball
46,3/12/2023,vs,Springfield,L,1-2,23,1,5,1,0,0,0,5,0,0,2,2,0,0,0,5,18,14,1,0.217,baseball
47,3/12/2023,vs,Springfield,W,4-2,19,4,4,4,0,0,0,2,0,1,0,2,3,0,0,0,21,6,0,0.211,baseball
48,3/13/2023,vs,Marymount,L,2-6,23,2,3,0,1,0,0,3,0,3,0,1,0,0,2,7,18,8,0,0.13,baseball
49,3/13/2023,vs,Marymount,L,1-6,25,1,5,1,1,0,0,1,0,0,0,0,1,0,0,10,21,5,1,0.2,baseball
50,3/17/2023,vs,TCNJ,W,7-6,36,7,11,7,2,0,1,3,0,1,0,0,2,0,0,7,27,7,2,0.306,baseball
51,3/17/2023,vs,TCNJ,L,2-8,28,2,8,2,1,2,0,4,0,0,0,0,1,0,0,8,18,6,3,0.286,baseball
52,3/18/2023,vs,RIT,L,3-4,29,3,6,3,2,0,0,1,0,0,0,1,0,0,0,11,24,8,2,0.207,baseball
53,3/18/2023,vs,RIT,W,5-3,27,5,5,4,2,0,0,5,0,3,0,3,0,0,0,9,21,8,0,0.185,baseball
54,3/22/2023,at,Penn State Berks,W,18-13,42,18,15,14,2,1,2,6,0,9,0,2,0,3,0,8,27,6,1,0.357,baseball
55,3/26/2023,at,Rutgers-Newark,L,1-2,26,1,6,1,2,0,0,0,0,5,0,1,0,1,0,7,18,8,2,0.231,baseball
56,3/26/2023,at,Rutgers-Newark,L,1-2,31,1,4,1,0,0,0,4,0,0,0,2,1,0,0,5,24,11,1,0.129,baseball
57,3/29/2023,at,Scranton,L,1-7,30,1,4,1,0,0,0,4,0,1,0,2,0,1,0,8,24,6,1,0.133,baseball
58,3/30/2023,at,New Jersey City,L,1-4,31,1,5,1,0,0,0,6,0,1,1,0,0,0,2,9,24,6,2,0.161,baseball
59,4/1/2023,at,McDaniel,L,8-15,38,8,14,8,3,1,1,3,0,1,2,1,0,1,0,7,24,10,2,0.368,baseball
60,4/1/2023,at,McDaniel,W,5-3,25,5,9,4,2,0,0,5,0,0,0,1,0,1,1,3,18,3,0,0.36,baseball
61,4/4/2023,,Swarthmore,W,18-6,36,18,17,17,4,0,0,11,0,2,1,4,1,2,1,5,27,5,0,0.472,baseball
62,4/7/2023,at,Swarthmore,L,5-21,36,5,9,5,2,0,1,1,0,0,0,3,0,1,0,5,24,10,3,0.25,baseball
63,4/8/2023,,Gettysburg,W,8-7,41,8,16,7,2,1,0,3,0,3,1,0,0,0,0,11,27,20,3,0.39,baseball
64,4/8/2023,,Gettysburg,W,4-3,38,4,11,3,2,0,0,3,0,1,0,0,1,1,0,4,30,14,1,0.289,baseball
65,4/11/2023,,Dickinson,W,7-3,29,7,9,7,3,1,1,5,0,1,1,1,3,1,0,10,27,9,0,0.31,baseball
66,4/12/2023,at,Neumann,L,15-18,48,15,16,10,0,0,1,5,0,4,0,0,0,0,0,10,24,9,5,0.333,baseball
67,4/14/2023,at,Dickinson,L,4-8,32,4,9,3,1,0,0,2,0,1,1,2,1,2,0,12,24,12,3,0.281,baseball
68,4/16/2023,,Franklin & Marshall,W,9-2,34,9,12,8,3,0,1,7,0,2,1,2,1,0,1,7,27,9,1,0.353,baseball
69,4/16/2023,,Franklin & Marshall,L,3-4,31,3,6,3,2,1,1,2,0,0,0,1,2,0,0,3,27,8,0,0.194,baseball
70,4/18/2023,at,Haverford,L,12-13,40,12,15,12,4,0,2,4,0,3,1,0,2,1,0,11,25,5,3,0.375,baseball
71,4/19/2023,at,DeSales,L,15-20,41,15,16,15,5,0,0,10,0,1,0,0,0,1,2,8,24,7,2,0.39,baseball
72,4/21/2023,,Haverford,L,0-6,31,0,4,0,0,0,0,2,0,0,0,0,0,0,1,3,27,15,2,0.129,baseball
73,4/23/2023,at,Johns Hopkins,L,1-15,35,1,10,1,1,1,0,4,0,0,0,0,1,0,0,11,24,6,0,0.286,baseball
74,4/23/2023,at,Johns Hopkins,L,5-17,30,5,5,5,1,0,0,5,0,0,0,1,0,0,2,8,24,6,1,0.167,baseball
75,4/25/2023,at,Ursinus,L,2-3,34,2,8,2,1,0,0,1,0,1,1,0,0,0,0,5,24,7,0,0.235,baseball
76,4/27/2023,,Washington College,W,12-2,36,12,12,10,4,1,0,10,0,1,1,3,0,1,0,6,27,9,0,0.333,baseball
77,4/27/2023,,Washington College,W,15-1,39,15,16,14,5,0,0,11,0,1,0,1,1,0,1,4,27,7,0,0.41,baseball
78,4/28/2023,,Ursinus,W,3-2,33,3,8,3,1,0,0,9,0,4,0,1,2,0,1,8,30,10,1,0.242,baseball
79,Total,,,,239-274,1251,239,347,210,72,10,13,185,0,61,16,50,25,23,14,275,928,334,51,,baseball
80,2/26/2022,vs,Cazenovia,W,13-3,35,13,9,12,1,3,0,8,0,2,0,5,0,2,0,5,27,13,0,0.257,baseball
81,2/27/2022,vs,Rochester Inst.,W,13-5,39,13,10,9,3,1,0,9,0,0,0,2,0,0,0,13,27,15,2,0.256,baseball
82,2/27/2022,at,Gallaudet,W,10-4,38,10,13,7,5,0,0,4,0,1,0,1,1,0,0,9,27,10,2,0.342,baseball
83,3/5/2022,at,Albright,W,13-1,31,13,11,13,2,0,2,7,0,1,0,3,0,1,0,5,21,6,0,0.355,baseball
84,3/5/2022,at,Albright,W,8-3,33,8,15,8,2,2,1,3,0,0,0,0,0,0,0,9,21,10,0,0.455,baseball
85,3/13/2022,vs,Utica,W,2-1,24,2,5,1,2,0,0,2,0,3,1,1,0,0,1,6,21,6,1,0.208,baseball
86,3/13/2022,vs,Utica,L,0-3,25,0,4,0,0,0,0,0,0,0,0,0,0,0,0,13,21,8,2,0.16,baseball
87,3/14/2022,vs,St. Lawrence,W,13-9,35,13,12,7,2,0,0,5,0,0,0,3,1,0,0,8,21,8,1,0.343,baseball
88,3/14/2022,vs,St. Lawrence,L,6-21,30,6,9,3,1,0,0,4,0,0,0,0,0,0,0,8,21,5,1,0.3,baseball
89,3/15/2022,vs,Clarkson,W,8-3,34,8,12,6,3,1,0,3,0,0,0,3,0,1,0,10,27,12,0,0.353,baseball
90,3/18/2022,vs,Beloit,L,3-14,28,3,7,3,1,0,0,3,0,0,0,1,0,0,0,5,18,7,3,0.25,baseball
91,3/19/2022,vs,Middlebury,W,10-8,41,10,13,7,1,0,2,7,0,2,0,3,1,0,0,9,27,5,3,0.317,baseball
92,3/22/2022,,Neumann,W,8-7,31,8,10,5,2,1,1,5,0,3,0,2,0,1,1,7,27,15,1,0.323,baseball
93,3/25/2022,at,Eastern,L,4-5,38,4,12,2,1,0,1,4,0,1,1,1,1,0,0,7,24,8,1,0.316,baseball
94,3/26/2022,,New Jersey City,W,19-5,44,19,19,18,4,0,5,4,0,2,0,2,1,0,1,9,27,8,1,0.432,baseball
95,3/30/2022,at,Scranton,L,4-14,35,4,10,3,1,0,0,2,0,0,0,2,0,0,0,3,24,8,3,0.286,baseball
96,4/2/2022,,Gettysburg,L,5-6,37,5,10,4,2,0,0,4,0,1,0,2,0,1,0,6,27,20,3,0.27,baseball
97,4/2/2022,,Gettysburg,L,8-9,39,8,15,8,3,0,0,4,0,2,0,1,1,0,1,4,27,9,3,0.385,baseball
98,4/5/2022,at,Dickinson,L,5-16,37,5,8,5,2,0,0,4,0,0,0,0,0,0,0,15,24,4,3,0.216,baseball
99,4/6/2022,at,Moravian,L,8-9,36,8,8,5,1,0,0,10,0,0,0,0,1,0,0,12,26,9,2,0.222,baseball
100,4/9/2022,at,Franklin & Marshall,L,2-7,32,2,5,2,0,0,1,1,0,2,0,2,0,0,0,8,24,12,2,0.156,baseball
101,4/9/2022,at,Franklin & Marshall,L,1-4,31,1,6,1,1,0,0,2,0,1,0,1,1,0,1,10,24,14,3,0.194,baseball
102,4/10/2022,,Dickinson,L,5-10,36,5,10,5,3,0,1,2,0,1,0,1,0,0,0,13,27,7,1,0.278,baseball
103,4/12/2022,at,Ursinus,L,2-9,33,2,6,2,1,0,1,4,0,1,0,2,1,0,0,11,24,9,2,0.182,baseball
104,4/13/2022,at,Penn State Abington,L,9-24,28,9,10,9,1,0,1,8,0,1,2,5,0,3,0,9,21,5,2,0.357,baseball
105,4/15/2022,,Ursinus,W,4-3,48,4,12,3,1,0,1,10,1,4,0,3,0,0,1,9,39,10,3,0.25,baseball
106,4/16/2022,at,Washington College,L,4-5,31,4,7,3,1,0,0,4,0,0,0,0,0,1,0,6,24,7,3,0.226,baseball
107,4/16/2022,at,Washington College,L,4-18,33,4,7,3,1,0,0,4,0,0,0,2,0,0,0,12,24,9,2,0.212,baseball
108,4/19/2022,at,Haverford,W,14-4,42,14,12,13,1,0,1,6,0,1,0,5,1,0,0,12,27,10,0,0.286,baseball
109,4/20/2022,at,DeSales,L,2-7,32,2,8,2,1,0,0,4,0,0,0,0,0,1,1,5,24,8,2,0.25,baseball
110,4/22/2022,,Haverford,L,7-17,35,7,8,7,0,1,2,2,0,1,0,2,0,0,0,12,27,9,2,0.229,baseball
111,4/23/2022,,Johns Hopkins,W,6-4,35,6,12,5,4,0,0,3,0,0,1,5,0,0,0,8,27,6,0,0.343,baseball
112,4/23/2022,,Johns Hopkins,W,9-2,36,9,13,8,2,0,0,3,0,1,1,1,0,1,1,7,27,8,0,0.361,baseball
113,4/26/2022,at,Swarthmore,L,6-11,34,6,8,5,2,0,1,5,0,0,1,1,0,0,1,6,24,6,2,0.235,baseball
114,4/29/2022,,Swarthmore,L,9-18,41,9,13,8,4,0,2,8,0,0,0,4,0,1,0,14,27,5,4,0.317,baseball
115,4/30/2022,at,McDaniel,W,4-3,42,4,13,4,2,0,0,5,0,1,0,1,1,0,0,5,33,3,1,0.31,baseball
116,4/30/2022,at,McDaniel,L,5-6,32,5,6,5,3,0,0,7,0,1,0,3,0,0,1,2,24,8,2,0.188,baseball
117,Total,,,,253-298,1291,253,368,211,67,9,23,170,1,33,7,70,11,13,10,312,932,322,63,,baseball
118,3/27/2021,,Gettysburg,W,15-5,47,15,20,13,4,1,2,4,0,2,0,0,0,0,0,10,27,11,3,0.426,baseball
119,3/27/2021,,Gettysburg,L,4-8,38,4,12,4,1,2,0,1,0,0,0,1,0,0,1,6,27,8,2,0.316,baseball
120,4/3/2021,,Franklin & Marshall,L,4-19,34,4,6,3,2,0,0,1,0,2,0,0,0,0,0,17,27,10,4,0.176,baseball
121,4/3/2021,,Franklin & Marshall,W,9-4,36,9,13,9,2,2,1,1,0,2,0,1,0,0,1,3,27,4,0,0.361,baseball
122,4/10/2021,at,Dickinson,L,2-7,31,2,7,1,1,0,0,2,0,0,0,1,1,0,0,5,24,11,2,0.226,baseball
123,4/10/2021,at,Dickinson,W,6-5,39,6,9,6,2,0,1,7,0,1,0,2,0,0,0,9,33,11,2,0.231,baseball
124,4/14/2021,,Ursinus,W,8-7,40,8,13,8,2,0,0,9,1,0,1,1,0,1,0,3,30,9,0,0.325,baseball
125,4/17/2021,,McDaniel,L,7-8,34,7,6,5,2,0,1,5,0,1,0,3,0,0,0,9,27,4,3,0.176,baseball
126,4/17/2021,,McDaniel,W,6-5,32,6,9,6,3,0,1,5,0,1,1,1,0,1,0,7,27,7,1,0.281,baseball
127,5/1/2021,,Johns Hopkins,L,2-7,30,2,4,2,1,0,1,3,0,1,1,0,1,0,0,15,27,5,3,0.133,baseball
128,5/1/2021,,Johns Hopkins,L,2-10,30,2,4,1,0,0,0,3,0,0,0,2,0,0,2,8,27,5,1,0.133,baseball
129,5/2/2021,at,Haverford,L,6-14,32,6,6,6,3,1,1,4,0,0,0,2,1,1,0,13,24,7,0,0.188,baseball
130,5/6/2021,at,Ursinus,W,3-1,24,3,6,3,0,0,0,1,0,0,0,2,1,1,0,6,21,4,1,0.25,baseball
131,5/6/2021,at,Ursinus,L,4-7,28,4,9,4,3,0,0,0,0,1,0,0,2,0,1,4,18,7,0,0.321,baseball
132,5/8/2021,at,Washington College,W,4-0,25,4,4,4,1,0,0,6,1,2,1,1,2,2,0,3,27,10,2,0.16,baseball
133,5/8/2021,at,Washington College,L,4-5,31,4,6,4,1,0,0,6,0,0,0,1,0,0,1,8,25,5,1,0.194,baseball
134,Total,,,,86-112,531,86,134,79,28,6,8,58,2,13,4,18,8,6,6,126,418,118,25,,baseball
135,2/22/2020,vs,Gwynedd Mercy,W,6-4,32,6,8,6,2,0,0,4,0,3,1,3,1,0,0,7,27,3,1,0.25,baseball
136,2/23/2020,vs,Stevenson,L,8-9,40,8,13,8,3,2,0,6,0,0,1,2,0,0,0,7,27,13,4,0.325,baseball
137,2/23/2020,at,Gallaudet,W,15-4,43,15,14,12,5,2,0,5,0,3,0,5,0,0,0,4,27,9,1,0.326,baseball
138,3/1/2020,vs,Neumann University,W,9-1,34,9,9,4,4,1,1,4,0,0,0,1,0,0,0,10,21,0,1,0.265,baseball
139,3/1/2020,vs,Neumann,W,9-2,28,9,11,7,2,0,0,5,0,1,1,1,0,0,1,5,21,6,1,0.393,baseball
140,3/2/2020,vs,John Carroll,W,3-2,21,3,4,3,1,0,0,3,0,5,0,0,1,0,0,3,21,8,0,0.19,baseball
141,3/2/2020,vs,John Carroll,L,4-7,26,4,5,1,2,0,0,6,0,0,0,1,0,1,0,6,18,4,4,0.192,baseball
142,3/4/2020,vs,Ohio Northern,L,5-15,31,5,7,4,2,0,1,4,0,1,0,0,0,0,1,7,25,9,4,0.226,baseball
143,3/4/2020,vs,Widener,L,11-15,36,11,11,9,3,0,2,6,0,1,0,2,0,1,1,7,24,10,3,0.306,baseball
144,3/6/2020,vs,Lesley,W,5-0,27,5,4,4,2,0,0,8,0,2,1,3,0,0,1,6,27,3,0,0.148,baseball
145,3/7/2020,vs,St. Mary's (MN),L,2-3,27,2,6,2,1,0,0,0,0,2,0,1,0,0,0,10,18,10,2,0.222,baseball
146,3/7/2020,vs,St. Mary's (MN),L,2-5,26,2,8,2,0,0,0,1,1,3,1,1,2,0,1,3,21,8,0,0.308,baseball
147,Total,,,,79-67,371,79,100,62,27,5,4,52,1,21,5,20,4,2,5,75,277,83,21,,baseball
148,3/3/2019,vs,Emerson,W,4-3,28,4,13,4,3,0,1,1,0,0,1,0,1,1,0,6,21,8,1,0.464,baseball
149,3/3/2019,vs,Emerson,W,15-0,37,15,18,15,3,2,0,5,0,1,0,2,0,2,0,2,21,7,0,0.486,baseball
150,3/4/2019,vs,Illinois Col.,L,1-5,30,1,9,1,1,0,0,1,0,0,0,1,1,0,0,4,21,11,1,0.3,baseball
151,3/4/2019,vs,Illinois College,W,4-3,23,4,6,3,2,0,0,10,1,1,1,0,1,0,1,4,21,6,2,0.261,baseball
152,3/6/2019,vs,Grove City,W,3-2,29,3,7,3,0,0,0,3,0,1,0,0,0,0,2,5,27,8,1,0.241,baseball
153,3/6/2019,vs,Bridgewater (Va.),L,6-12,37,6,9,6,1,1,0,6,0,1,0,1,0,0,0,10,24,8,1,0.243,baseball
154,3/8/2019,vs,Widener,L,2-4,31,2,3,2,1,0,0,1,0,0,0,0,1,0,0,7,24,9,0,0.097,baseball
155,3/9/2019,vs,Marymount (Va.),W,3-0,22,3,8,3,2,0,0,1,0,0,1,0,1,0,1,3,21,11,0,0.364,baseball
156,3/9/2019,vs,Marymount (Va.),W,5-4,25,5,5,4,2,0,1,3,0,1,0,0,2,0,0,7,21,12,2,0.2,baseball
157,3/16/2019,at,Penn State Berks,L,3-6,24,3,6,3,2,0,0,2,0,2,0,0,1,1,0,4,18,9,3,0.25,baseball
158,3/16/2019,at,Penn State Berks,W,6-1,28,6,8,5,1,0,0,6,0,0,0,0,1,0,1,3,21,11,0,0.286,baseball
159,3/19/2019,at,Marywood,W,9-0,38,9,13,7,4,1,0,6,0,1,0,0,1,0,0,4,27,11,0,0.342,baseball
160,3/20/2019,at,Wilkes,L,9-15,36,9,11,9,3,1,2,5,0,1,0,0,0,0,0,5,24,6,2,0.306,baseball
161,3/24/2019,,Penn St.-Abington,L,6-8,36,6,11,6,2,0,1,4,0,2,1,0,1,0,0,3,27,19,2,0.306,baseball
162,3/24/2019,,Penn St.-Abington,L,5-8,26,5,9,5,2,0,2,1,0,0,0,0,2,0,1,3,21,6,3,0.346,baseball
163,3/27/2019,at,Lebanon Valley,W,10-2,41,10,16,10,6,0,1,7,0,0,0,0,1,0,0,6,27,13,1,0.39,baseball
164,3/28/2019,,Elizabethtown,W,7-1,34,7,12,7,3,0,0,3,1,2,3,0,0,0,0,2,27,11,2,0.353,baseball
165,3/30/2019,at,Johns Hopkins,L,0-11,32,0,7,0,1,0,0,1,0,0,1,1,1,0,1,2,24,5,0,0.219,baseball
166,3/30/2019,at,Johns Hopkins,L,1-19,31,1,5,1,0,0,1,1,0,0,0,0,0,0,2,7,24,4,1,0.161,baseball
167,4/2/2019,,Haverford,L,5-8,48,5,13,5,2,0,0,2,1,3,1,2,0,0,0,10,36,19,2,0.271,baseball
168,4/3/2019,,Drew,L,5-19,36,5,10,5,2,0,4,0,0,0,0,0,0,0,2,6,27,6,1,0.278,baseball
169,4/7/2019,,Franklin & Marshall,W,5-2,30,5,9,4,1,0,0,1,0,0,0,0,2,0,2,6,27,10,2,0.3,baseball
170,4/7/2019,,Franklin & Marshall,W,5-4,46,5,14,4,3,0,0,1,0,0,0,1,1,0,1,12,36,16,3,0.304,baseball
171,4/8/2019,at,Haverford,L,1-7,31,1,7,1,0,0,1,3,0,0,0,1,1,0,2,9,24,9,0,0.226,baseball
172,4/9/2019,at,Swarthmore,W,9-8,50,9,18,8,5,0,0,0,0,1,0,1,0,0,1,6,33,13,5,0.36,baseball
173,4/13/2019,at,McDaniel,W,9-4,35,9,10,8,3,1,0,5,1,0,1,0,2,0,0,4,27,7,2,0.286,baseball
174,4/13/2019,at,McDaniel,W,16-6,48,16,19,15,7,0,1,9,0,4,0,0,0,0,0,8,27,8,2,0.396,baseball
175,4/14/2019,,Swarthmore,W,6-5,37,6,11,5,1,0,0,2,0,1,0,1,0,0,1,6,27,11,0,0.297,baseball
176,4/16/2019,,Ursinus,L,4-6,35,4,12,4,4,0,0,1,0,0,1,0,3,1,0,4,27,6,0,0.343,baseball
177,4/18/2019,at,Ursinus,L,9-22,39,9,13,8,3,0,0,6,0,1,1,2,0,0,0,2,24,6,3,0.333,baseball
178,4/20/2019,at,Washington College,L,5-8,38,5,9,5,3,0,0,3,0,0,0,0,0,0,0,8,27,7,1,0.237,baseball
179,4/20/2019,at,Washington College,W,3-2,29,3,6,3,0,0,2,2,0,1,0,1,0,0,0,3,27,8,0,0.207,baseball
180,4/23/2019,at,Dickinson,W,13-4,42,13,15,11,3,1,0,8,0,0,0,2,0,1,0,6,27,12,2,0.357,baseball
181,4/24/2019,at,Scranton,L,5-7,33,5,9,4,2,0,0,3,0,0,1,0,1,1,1,8,24,13,1,0.273,baseball
182,4/27/2019,at,Gettysburg,W,9-8,58,9,17,8,3,1,0,10,2,1,0,0,2,0,0,15,42,13,0,0.293,baseball
183,4/27/2019,at,Gettysburg,L,6-7,33,6,7,5,2,0,0,6,0,0,1,0,1,1,0,4,24,10,2,0.212,baseball
184,4/29/2019,,Dickinson,W,10-1,34,10,10,8,2,0,0,11,0,0,0,1,0,0,0,9,27,11,1,0.294,baseball
185,5/2/2019,at,Johns Hopkins,L,4-14,36,4,10,4,4,0,0,2,0,0,0,1,0,0,1,7,24,9,2,0.278,baseball
186,5/4/2019,vs,Haverford,L,2-4,32,2,7,1,1,0,1,6,0,1,0,0,1,0,1,2,24,6,0,0.219,baseball
187,Total,,,,230-250,1358,230,402,210,90,8,18,148,6,26,14,18,29,8,21,222,1002,375,51,,baseball
188,2/24/2018,,Southern Vt.,W,8-0,31,8,9,8,3,0,0,8,0,4,0,3,1,1,0,6,27,11,1,0.29,baseball
189,2/24/2018,at,Gallaudet,W,12-4,36,12,13,9,4,0,1,5,0,4,0,0,0,2,0,6,27,12,3,0.361,baseball
190,2/25/2018,vs,Marymount (Va.),W,5-4,36,5,7,5,2,0,2,5,0,0,0,2,2,0,0,9,30,12,1,0.194,baseball
191,3/3/2018,at,Roanoke,L,3-13,31,3,6,3,1,0,0,7,0,0,1,1,1,0,2,6,24,7,1,0.194,baseball
192,3/3/2018,at,Roanoke,L,4-12,35,4,8,3,1,0,0,3,0,0,0,2,0,0,1,5,24,11,1,0.229,baseball
193,3/4/2018,at,Roanoke,L,3-4,31,3,7,2,3,0,0,4,0,0,0,1,1,0,2,9,26,6,1,0.226,baseball
194,3/6/2018,vs,Emerson,L,5-7,27,5,6,5,2,2,0,6,0,2,1,0,0,1,0,9,21,15,1,0.222,baseball
195,3/6/2018,vs,Emerson,L,3-4,30,3,8,2,0,0,0,4,0,1,1,2,0,1,1,1,22,6,2,0.267,baseball
196,3/7/2018,vs,Nebraska Wesleyan,L,0-4,30,0,4,0,0,0,0,0,0,2,0,1,0,0,0,6,27,10,1,0.133,baseball
197,3/8/2018,vs,Thomas More,L,0-5,28,0,4,0,0,0,0,4,0,0,1,0,0,0,1,6,24,6,2,0.143,baseball
198,3/9/2018,vs,Waynesburg,W,8-0,33,8,12,7,0,0,1,1,0,0,1,0,0,0,0,2,21,9,1,0.364,baseball
199,3/9/2018,vs,Waynesburg,W,10-9,29,10,10,7,1,1,0,6,0,0,0,0,0,1,0,4,21,7,2,0.345,baseball
200,3/18/2018,,Neumann,L,1-4,27,1,7,1,3,0,0,2,0,0,0,0,0,0,1,4,21,10,2,0.259,baseball
201,3/18/2018,,Neumann,W,5-3,25,5,8,5,1,0,1,3,0,0,0,1,2,0,0,3,21,12,0,0.32,baseball
202,3/19/2018,,Wilkes,W,10-4,37,10,11,7,1,1,0,3,0,3,0,1,0,2,0,5,27,13,2,0.297,baseball
203,3/27/2018,at,Scranton,L,4-5,37,4,11,4,1,0,0,3,0,0,0,2,0,1,0,3,24,12,3,0.297,baseball
204,3/29/2018,,Penn State Abington,L,3-14,30,3,5,2,1,1,0,2,0,0,0,1,0,0,1,5,27,11,3,0.167,baseball
205,3/31/2018,at,Gettysburg,W,7-1,36,7,8,4,1,1,0,5,0,0,0,5,1,0,0,6,27,11,3,0.222,baseball
206,3/31/2018,at,Gettysburg,W,3-2,36,3,9,3,2,0,0,1,0,0,0,1,1,0,1,8,27,11,2,0.25,baseball
207,4/5/2018,,Dickinson,W,1-0,29,1,5,1,0,0,0,5,0,0,0,0,1,0,0,8,27,5,0,0.172,baseball
208,4/6/2018,at,Dickinson,L,4-5,35,4,7,4,2,0,0,4,0,0,1,1,1,0,0,3,24,9,2,0.2,baseball
209,4/8/2018,at,Johns Hopkins,L,0-1,31,0,4,0,1,0,0,1,0,0,0,0,0,0,0,15,24,7,0,0.129,baseball
210,4/8/2018,at,Johns Hopkins,L,1-5,34,1,7,1,1,0,0,1,0,0,0,0,0,0,1,3,24,10,0,0.206,baseball
211,4/10/2018,,Swarthmore,L,2-12,31,2,4,2,0,1,0,0,0,0,0,2,0,0,0,8,27,10,1,0.129,baseball
212,4/13/2018,at,Swarthmore,L,3-6,33,3,5,1,1,0,0,4,0,0,0,1,0,0,0,10,24,15,3,0.152,baseball
213,4/14/2018,,McDaniel,L,4-5,35,4,9,4,1,1,1,1,0,3,0,2,0,0,1,7,27,18,1,0.257,baseball
214,4/14/2018,,McDaniel,W,4-2,28,4,9,4,2,0,0,6,0,1,1,0,1,1,2,7,27,12,2,0.321,baseball
215,4/18/2018,at,Elizabethtown,W,10-2,34,10,9,10,2,0,0,7,0,0,0,2,0,2,1,6,27,13,0,0.265,baseball
216,4/20/2018,at,Haverford,W,3-2,33,3,8,3,4,0,0,6,0,0,0,0,1,1,0,8,27,13,2,0.242,baseball
217,4/21/2018,,Washington College,W,8-1,34,8,12,8,0,2,4,0,0,0,1,2,1,0,0,4,27,7,0,0.353,baseball
218,4/21/2018,,Washington College,W,7-5,37,7,15,6,3,0,0,3,0,1,1,0,1,0,0,5,27,14,2,0.405,baseball
219,4/22/2018,,Haverford,W,3-1,31,3,9,3,2,0,0,2,0,0,1,1,1,0,1,7,27,6,0,0.29,baseball
220,4/24/2018,at,Ursinus,W,4-1,37,4,10,4,1,0,2,0,0,1,0,0,2,0,1,3,27,9,2,0.27,baseball
221,4/28/2018,at,Franklin & Marshall,L,4-5,35,4,11,4,0,0,0,1,0,0,0,3,2,0,1,6,24,7,0,0.314,baseball
222,4/28/2018,at,Franklin & Marshall,W,4-1,18,4,5,4,2,1,0,2,0,0,1,0,0,1,0,1,15,5,1,0.278,baseball
223,4/29/2018,,Ursinus,W,11-9,38,11,16,11,0,0,2,5,0,0,0,2,1,1,0,5,27,10,0,0.421,baseball
224,4/30/2018,,DeSales,L,7-22,42,7,13,7,4,0,0,3,0,0,0,1,0,0,0,7,27,17,3,0.31,baseball
225,5/3/2018,at,Johns Hopkins,L,7-12,35,7,10,7,2,0,1,2,0,1,1,2,0,0,0,9,24,5,0,0.286,baseball
226,5/5/2018,vs,Franklin & Marshall,L,1-9,35,1,7,1,2,0,0,0,0,0,0,0,0,0,0,3,27,13,4,0.2,baseball
227,Total,,,,182-205,1270,182,328,162,57,11,15,125,0,23,12,42,21,15,18,228,978,397,55,,baseball
228,2/26/2017,at,Gallaudet,W,3-2,22,3,4,2,1,0,0,3,0,0,1,0,1,1,0,5,21,13,0,0.182,baseball
229,2/26/2017,at,Gallaudet,W,10-4,34,10,14,10,5,0,0,1,0,0,0,1,0,1,1,1,21,9,1,0.412,baseball
230,3/4/2017,vs,Fredonia,L,0-1,23,0,2,0,0,0,0,0,0,0,0,0,0,0,0,7,18,9,0,0.087,baseball
231,3/4/2017,vs,Fredonia,L,0-9,25,0,5,0,0,0,0,2,0,1,0,2,0,0,0,5,21,3,2,0.2,baseball
232,3/5/2017,vs,Staten Island,W,7-4,28,7,7,6,1,0,0,4,0,3,0,0,0,0,0,5,21,8,0,0.25,baseball
233,3/5/2017,vs,Staten Island,L,0-4,25,0,6,0,1,0,0,0,0,0,1,2,1,0,0,4,21,3,0,0.24,baseball
234,3/7/2017,vs,Catholic,W,13-8,44,13,19,11,3,0,0,6,0,0,0,2,1,0,1,6,27,11,2,0.432,baseball
235,3/8/2017,vs,Greensboro,L,1-12,34,1,8,0,0,0,0,4,0,0,0,0,0,0,2,8,27,9,2,0.235,baseball
236,3/10/2017,at,Guilford,L,7-8,40,7,13,6,2,0,0,5,0,0,0,0,0,0,2,7,24,10,2,0.325,baseball
237,3/11/2017,at,Guilford,L,1-11,26,1,5,1,1,0,0,3,0,1,1,0,1,0,0,8,18,6,0,0.192,baseball
238,3/11/2017,at,Guilford,L,4-5,29,4,9,4,1,0,0,2,0,0,0,0,0,1,0,9,18,6,1,0.31,baseball
239,3/20/2017,,Penn College,W,6-5,34,6,12,5,2,0,0,4,0,2,0,0,0,0,2,8,27,8,3,0.353,baseball
240,3/23/2017,,Albright,W,4-0,33,4,11,3,1,0,0,2,0,0,0,2,0,0,0,4,27,15,2,0.333,baseball
241,3/25/2017,at,Penn State Berks,W,4-2,33,4,12,4,1,0,0,3,1,0,1,1,1,0,2,3,24,9,0,0.364,baseball
242,3/25/2017,at,Penn State Berks,L,0-2,22,0,2,0,0,0,0,0,0,0,0,2,0,0,1,4,18,5,0,0.091,baseball
243,3/29/2017,,Scranton,W,4-1,27,4,5,3,2,1,1,2,0,0,1,0,2,0,0,9,27,12,1,0.185,baseball
244,3/30/2017,,Penn State Abington,W,5-2,34,5,10,5,3,0,2,5,0,0,0,0,0,0,1,1,27,12,1,0.294,baseball
245,4/2/2017,,Gettysburg,W,6-5,31,6,8,6,3,0,2,1,0,1,0,1,2,0,0,3,27,9,0,0.258,baseball
246,4/2/2017,,Gettysburg,L,2-3,33,2,6,2,1,0,0,2,0,0,0,0,0,0,1,7,27,11,2,0.182,baseball
247,4/5/2017,,Dickinson,L,4-8,34,4,7,4,2,0,0,2,0,1,0,0,0,0,1,8,27,15,4,0.206,baseball
248,4/8/2017,,Johns Hopkins,L,6-14,38,6,11,6,3,0,1,4,0,0,0,1,1,0,0,11,27,4,2,0.289,baseball
249,4/8/2017,,Johns Hopkins,W,6-4,33,6,12,5,5,0,2,2,0,0,0,2,2,0,1,5,27,7,3,0.364,baseball
250,4/9/2017,at,Dickinson,L,1-6,29,1,3,1,2,0,0,1,0,0,2,1,1,0,0,4,24,9,2,0.103,baseball
251,4/11/2017,,Eastern,W,17-8,34,17,12,15,1,0,2,13,0,1,0,1,0,1,2,7,27,15,3,0.353,baseball
252,4/12/2017,at,Swarthmore,L,0-10,30,0,3,0,0,0,0,1,0,0,0,1,0,0,0,10,24,13,3,0.1,baseball
253,4/14/2017,,Swarthmore,W,8-5,32,8,13,7,0,1,1,5,0,1,0,2,2,1,1,6,27,15,1,0.406,baseball
254,4/15/2017,at,McDaniel,L,10-11,38,10,14,10,3,1,0,7,0,0,0,1,0,1,0,9,25,5,2,0.368,baseball
255,4/15/2017,at,McDaniel,L,2-4,35,2,9,2,2,0,0,4,0,0,1,0,0,0,0,8,24,15,4,0.257,baseball
256,4/18/2017,at,Haverford,L,5-6,36,5,13,5,1,0,3,6,1,3,0,0,0,2,0,7,26,12,0,0.361,baseball
257,4/23/2017,at,Washington College,W,2-1,29,2,4,2,1,0,0,1,0,2,0,0,3,0,0,12,27,10,0,0.138,baseball
258,4/23/2017,at,Washington College,L,1-3,33,1,9,1,1,0,0,0,0,0,0,0,1,0,1,9,24,7,0,0.273,baseball
259,4/24/2017,,Haverford,L,1-7,30,1,5,1,2,0,0,4,0,1,0,0,0,0,2,4,27,10,2,0.167,baseball
260,4/27/2017,,Ursinus,L,0-9,32,0,6,0,1,0,0,2,0,0,0,0,0,0,2,7,27,12,3,0.188,baseball
261,4/28/2017,at,Ursinus,W,3-1,32,3,5,3,1,0,0,4,0,0,0,0,1,0,0,9,27,7,4,0.156,baseball
262,4/29/2017,,Franklin & Marshall,W,18-16,48,18,23,18,5,0,1,5,0,0,0,1,0,1,0,9,27,7,1,0.479,baseball
263,4/29/2017,,Franklin & Marshall,L,3-6,32,3,6,2,2,0,0,1,0,0,1,2,1,0,1,5,27,11,2,0.188,baseball
264,5/1/2017,at,DeSales,L,2-9,34,2,8,2,0,0,1,3,0,1,1,0,0,0,1,5,24,6,3,0.235,baseball
265,Total,,,,166-216,1186,166,321,152,60,3,16,114,2,18,10,25,21,9,25,239,909,348,58,,baseball
266,2/27/2016,at,Centenary (NJ),W,6-3,33,6,16,6,2,0,0,1,0,4,1,0,0,0,1,8,21,7,0,0.485,baseball
267,2/27/2016,at,Centenary (NJ),W,10-7,41,10,18,9,6,0,0,1,0,1,0,0,1,0,1,7,24,10,2,0.439,baseball
268,2/28/2016,at,Gallaudet,W,8-2,31,8,12,7,4,1,0,4,0,3,1,1,1,0,0,6,21,4,0,0.387,baseball
269,2/28/2016,at,Gallaudet,W,9-3,33,9,12,9,6,0,0,2,0,0,0,1,0,0,0,6,21,6,3,0.364,baseball
270,3/5/2016,vs,Manhattanville,W,7-6,32,7,7,4,2,0,1,8,0,0,0,2,2,0,1,8,27,5,1,0.219,baseball
271,3/6/2016,vs,Staten Island,L,4-6,35,4,10,4,4,0,0,3,0,0,0,1,0,0,2,4,24,7,2,0.286,baseball
272,3/6/2016,vs,Staten Island,L,0-4,24,0,4,0,2,0,0,1,0,0,0,0,1,0,2,3,18,6,1,0.167,baseball
273,3/8/2016,vs,Penn College,W,2-1,27,2,9,1,1,0,0,3,0,0,1,1,1,0,0,7,21,9,2,0.333,baseball
274,3/8/2016,vs,Penn College,W,12-4,23,12,7,11,3,0,0,8,0,1,0,0,0,2,1,0,21,14,0,0.304,baseball
275,3/9/2016,vs,Lancaster Bible,L,5-6,36,5,12,5,2,0,2,8,0,0,0,0,0,1,0,3,24,9,3,0.333,baseball
276,3/11/2016,at,Hampden-Sydney,L,2-4,32,2,8,2,0,0,0,4,0,0,1,1,0,0,1,7,24,2,1,0.25,baseball
277,3/12/2016,at,Hampden-Sydney,L,1-3,23,1,3,1,0,1,0,4,0,0,0,0,1,0,1,6,18,12,3,0.13,baseball
278,3/12/2016,at,Hampden-Sydney,L,3-8,29,3,11,3,0,0,0,1,0,1,0,0,2,0,1,7,18,10,2,0.379,baseball
279,3/16/2016,at,Moravian,L,4-5,35,4,7,2,2,0,0,1,0,0,0,0,1,0,0,13,24,10,0,0.2,baseball
280,3/17/2016,,Messiah,W,12-11,38,12,14,11,3,0,2,4,0,0,0,1,1,0,1,11,27,10,1,0.368,baseball
281,3/19/2016,,Penn State Berks,W,5-1,27,5,8,5,1,0,0,1,0,1,0,0,1,0,0,2,21,13,0,0.296,baseball
282,3/19/2016,,Penn State Berks,L,6-18,27,6,6,3,0,1,0,3,0,0,0,3,0,0,1,5,21,10,5,0.222,baseball
283,3/22/2016,,Lebanon Valley,L,2-9,34,2,8,2,1,0,0,1,0,0,0,0,0,0,3,11,27,13,1,0.235,baseball
284,3/23/2016,at,Immaculata,L,1-15,30,1,1,1,1,0,0,4,0,1,0,3,0,0,0,10,24,6,4,0.033,baseball
285,3/30/2016,at,Arcadia,L,4-5,38,4,4,4,1,0,0,6,0,0,0,1,1,1,0,9,31,18,3,0.105,baseball
286,4/6/2016,at,Ursinus,W,14-4,42,14,21,14,3,0,0,4,0,2,0,0,2,3,1,5,27,7,0,0.5,baseball
287,4/8/2016,,Ursinus,W,13-11,40,13,15,12,3,1,0,3,0,1,0,3,0,0,1,11,27,11,2,0.375,baseball
288,4/10/2016,at,McDaniel,W,8-4,39,8,14,6,1,1,2,1,0,1,0,0,1,0,2,3,27,11,2,0.359,baseball
289,4/10/2016,at,McDaniel,L,2-9,29,2,5,2,2,0,0,1,0,0,0,0,0,1,2,5,24,9,3,0.172,baseball
290,4/13/2016,at,Haverford,W,6-2,41,6,12,6,3,0,0,4,0,1,0,0,1,0,0,6,30,9,1,0.293,baseball
291,4/15/2016,,Haverford,W,5-2,31,5,9,5,3,0,1,3,0,1,0,1,0,0,1,6,27,8,1,0.29,baseball
292,4/16/2016,at,Franklin & Marshall,L,0-11,25,0,2,0,0,0,0,2,0,0,0,3,2,0,3,8,24,9,0,0.08,baseball
293,4/16/2016,at,Franklin & Marshall,L,2-7,32,2,5,2,3,0,0,0,0,0,0,1,0,0,0,7,24,10,0,0.156,baseball
294,4/17/2016,,Washington College,W,8-1,34,8,11,6,1,0,0,3,0,1,0,2,0,1,0,5,27,8,0,0.324,baseball
295,4/17/2016,,Washington College,L,4-6,36,4,5,2,0,0,0,3,0,2,0,1,0,0,0,4,27,14,1,0.139,baseball
296,4/19/2016,at,Swarthmore,L,5-7,34,5,9,4,4,0,0,3,0,1,1,2,1,0,0,3,24,11,3,0.265,baseball
297,4/21/2016,,Swarthmore,L,8-11,35,8,11,7,2,0,0,6,0,1,0,0,1,2,0,9,27,11,6,0.314,baseball
298,4/23/2016,at,Gettysburg,L,8-9,38,8,12,8,2,0,0,4,0,1,0,1,0,0,1,9,25,15,4,0.316,baseball
299,4/23/2016,at,Gettysburg,L,1-5,34,1,7,0,3,0,0,3,0,0,0,0,0,0,1,8,24,11,3,0.206,baseball
300,4/27/2016,,Dickinson,W,7-6,34,7,10,6,0,2,0,3,1,1,0,1,2,1,0,5,27,16,2,0.294,baseball
301,4/29/2016,at,Dickinson,L,3-14,32,3,3,3,0,0,0,2,0,0,0,0,0,0,0,7,24,7,3,0.094,baseball
302,4/30/2016,,Johns Hopkins,W,2-1,33,2,10,2,0,0,0,3,0,1,0,0,1,0,0,6,27,6,1,0.303,baseball
303,4/30/2016,,Johns Hopkins,W,5-4,36,5,12,5,1,0,0,5,1,1,0,1,0,0,0,4,27,9,0,0.333,baseball
304,Total,,,,204-235,1253,204,350,180,72,7,8,121,2,27,5,31,24,12,28,244,926,363,66,,baseball
305,3/2/2015,vs,Mary Washington,L,7-8,38,7,11,6,1,1,0,6,0,0,0,1,0,1,1,13,27,14,2,0.289,baseball
306,3/3/2015,vs,Manhattanville,W,9-7,27,9,8,6,1,0,0,3,0,4,0,0,0,0,0,8,21,7,1,0.296,baseball
307,3/3/2015,vs,Manhattanville,L,3-5,25,3,5,3,2,0,0,4,0,0,1,0,0,0,2,1,18,9,1,0.2,baseball
308,3/4/2015,vs,York (Pa.),W,7-1,38,7,13,6,2,1,0,3,0,2,0,2,1,0,3,5,27,16,1,0.342,baseball
309,3/5/2015,vs,Grove City,L,3-4,28,3,7,1,0,0,0,2,0,0,0,0,0,0,2,6,21,6,0,0.25,baseball
310,3/5/2015,vs,Grove City,L,1-4,24,1,3,1,1,0,0,2,0,2,0,1,0,1,0,3,18,5,0,0.125,baseball
311,3/6/2015,vs,Scranton,W,6-4,37,6,9,6,2,0,1,4,1,0,1,2,1,0,0,2,30,16,0,0.243,baseball
312,3/7/2015,vs,Johnson & Wales,W,7-2,34,7,13,7,1,0,0,9,0,2,2,0,1,2,1,6,27,14,2,0.382,baseball
313,3/17/2015,,Eastern,L,6-15,33,6,8,6,1,1,3,4,0,0,0,0,0,2,1,11,27,14,7,0.242,baseball
314,3/23/2015,,Penn St. Harrisburg,W,8-6,29,8,10,8,2,0,2,4,0,1,0,0,2,1,2,5,27,16,0,0.345,baseball
315,3/26/2015,at,Messiah,L,7-12,34,7,11,7,1,0,1,4,0,1,1,5,1,0,0,5,24,14,3,0.324,baseball
316,3/29/2015,at,Washington College,L,0-8,37,0,8,0,2,0,0,2,0,1,0,0,0,0,0,7,24,9,2,0.216,baseball
317,3/29/2015,at,Washington College,L,1-2,28,1,4,1,1,0,0,4,0,0,1,0,2,0,0,5,24,12,0,0.143,baseball
318,3/30/2015,at,Rutgers-Newark,L,7-11,40,7,12,6,0,0,1,6,0,1,0,2,0,1,1,4,24,6,3,0.3,baseball
319,4/1/2015,at,Ursinus,W,6-5,40,6,8,3,2,0,0,2,0,0,0,0,1,0,1,10,30,12,1,0.2,baseball
320,4/2/2015,,Ursinus,L,1-3,33,1,7,0,1,0,0,6,0,0,0,0,0,0,3,5,27,13,3,0.212,baseball
321,4/4/2015,,McDaniel,L,5-17,39,5,11,5,3,0,0,3,0,1,0,2,0,0,0,3,27,11,7,0.282,baseball
322,4/4/2015,,McDaniel,W,8-5,38,8,13,6,3,0,1,3,0,2,0,0,0,1,0,12,27,14,1,0.342,baseball
323,4/7/2015,,Haverford,W,8-4,25,8,8,6,1,1,1,1,0,1,0,1,1,0,0,4,18,3,0,0.32,baseball
324,4/12/2015,,Franklin & Marshall,L,3-6,33,3,9,3,1,0,1,4,0,2,0,0,0,0,1,4,27,9,5,0.273,baseball
325,4/12/2015,,Franklin & Marshall,W,5-2,36,5,12,5,3,1,0,6,0,2,0,2,1,0,1,6,27,13,1,0.333,baseball
326,4/13/2015,at,Haverford,L,2-7,32,2,4,2,1,1,0,1,0,2,0,1,0,0,0,5,24,12,0,0.125,baseball
327,4/14/2015,,Swarthmore,W,6-4,33,6,10,5,1,0,0,5,0,0,0,0,0,0,0,4,27,6,1,0.303,baseball
328,4/16/2015,,Moravian,W,13-5,37,13,13,11,2,1,1,3,0,3,0,1,0,1,0,0,27,17,2,0.351,baseball
329,4/17/2015,at,Swarthmore,W,9-3,37,9,11,9,1,1,0,6,0,3,0,4,1,1,0,6,27,13,0,0.297,baseball
330,4/18/2015,,Gettysburg,L,3-6,36,3,8,3,1,1,0,3,0,0,0,0,0,0,1,9,27,7,3,0.222,baseball
331,4/18/2015,,Gettysburg,L,5-8,37,5,11,3,2,1,1,2,0,0,0,0,0,0,2,6,27,17,5,0.297,baseball
332,4/21/2015,at,Dickinson,L,5-6,33,5,8,5,2,0,0,4,0,1,0,1,0,2,0,2,25,12,1,0.242,baseball
333,4/22/2015,at,Penn State Berks,L,5-11,36,5,8,3,0,0,0,3,0,0,0,0,0,0,2,3,24,14,3,0.222,baseball
334,4/24/2015,,Dickinson,W,13-12,38,13,16,13,0,0,5,3,0,0,1,0,0,1,0,9,27,12,3,0.421,baseball
335,4/25/2015,at,Johns Hopkins,L,1-6,28,1,3,1,0,0,0,1,0,0,0,2,0,0,1,8,24,13,1,0.107,baseball
336,4/25/2015,at,Johns Hopkins,L,3-11,32,3,6,3,0,0,1,1,0,0,0,1,0,0,0,8,24,9,2,0.188,baseball
337,4/27/2015,at,DeSales,W,12-3,36,12,15,10,4,0,0,9,0,3,2,0,0,2,1,3,27,14,2,0.417,baseball
338,Total,,,,185-213,1111,185,303,160,45,10,19,123,1,34,9,28,12,16,26,188,832,379,63,,baseball
339,2/23/2014,at,Gallaudet,W,7-3,27,7,9,6,1,0,0,7,0,0,0,1,3,0,1,5,21,14,1,0.333,baseball
340,2/23/2014,at,Gallaudet,W,13-5,31,13,11,10,3,1,1,11,0,3,0,0,0,0,2,3,21,6,1,0.355,baseball
341,3/2/2014,vs,Manhattanville,L,0-3,25,0,4,0,0,0,0,0,0,0,0,0,0,0,0,9,18,11,0,0.16,baseball
342,3/2/2014,vs,Manhattanville,L,7-9,31,7,10,7,2,0,0,2,0,1,0,0,0,0,0,3,21,5,1,0.323,baseball
343,3/3/2014,vs,Manchester,L,7-11,35,7,8,7,4,1,0,3,0,2,1,5,0,0,0,6,27,12,5,0.229,baseball
344,3/4/2014,vs,Wilkes,L,1-4,30,1,2,0,1,0,0,2,0,3,0,2,2,0,0,2,24,14,2,0.067,baseball
345,3/5/2014,vs,Eastern,W,6-2,38,6,11,5,3,1,0,3,0,4,1,1,0,0,0,2,27,15,5,0.289,baseball
346,3/6/2014,vs,York (Pa.),W,2-1,33,2,6,2,3,0,0,2,0,1,0,2,1,0,0,4,30,15,2,0.182,baseball
347,3/7/2014,vs,New Paltz,W,9-7,33,9,6,7,2,0,0,5,0,1,1,2,0,0,0,6,27,17,1,0.182,baseball
348,3/8/2014,vs,Johnson & Wales,L,2-4,32,2,4,2,1,0,0,2,0,0,0,0,0,0,0,10,24,16,1,0.125,baseball
349,3/16/2014,vs,Penn St. Harrisburg,W,10-7,37,10,10,9,5,0,0,5,0,5,1,3,0,0,0,13,27,10,1,0.27,baseball
350,3/22/2014,,The College of NJ,L,7-9,38,7,13,7,2,1,1,2,0,0,0,0,1,0,0,10,27,12,0,0.342,baseball
351,3/22/2014,,The College of NJ,L,0-23,31,0,6,0,1,0,0,0,0,0,0,0,0,0,2,5,27,17,3,0.194,baseball
352,3/23/2014,at,Shenandoah,L,6-10,31,6,5,4,0,0,0,7,0,1,0,0,0,1,1,9,24,11,1,0.161,baseball
353,3/27/2014,,Penn State Berks,W,16-5,38,16,16,13,4,0,1,8,0,1,0,2,0,1,1,3,27,13,0,0.421,baseball
354,3/29/2014,,Washington College,L,7-12,23,7,8,6,2,0,0,8,0,0,0,3,0,1,2,0,18,9,3,0.348,baseball
355,4/1/2014,at,Ursinus,L,1-5,28,1,3,1,2,0,0,3,0,1,0,0,0,0,0,5,24,13,0,0.107,baseball
356,4/5/2014,at,McDaniel,W,3-2,34,3,8,2,1,0,0,3,0,1,1,0,1,1,1,9,30,21,3,0.235,baseball
357,4/5/2014,at,McDaniel,W,4-0,34,4,7,4,0,0,0,2,0,1,0,1,2,0,1,6,27,15,0,0.206,baseball
358,4/6/2014,,Washington College,W,8-5,33,8,8,8,1,0,1,4,0,3,0,3,0,0,0,9,27,6,1,0.242,baseball
359,4/8/2014,at,Haverford,W,12-10,35,12,11,11,2,0,2,9,0,2,0,0,0,1,1,7,27,7,5,0.314,baseball
360,4/9/2014,,Ursinus,L,5-13,35,5,7,5,2,0,0,8,0,0,0,1,0,0,0,7,27,15,3,0.2,baseball
361,4/10/2014,at,Moravian,L,3-4,31,3,7,1,0,0,0,4,0,1,0,1,2,1,1,4,24,12,2,0.226,baseball
362,4/12/2014,at,Franklin & Marshall,W,15-7,43,15,18,14,8,0,0,7,0,0,0,0,0,2,1,5,27,14,4,0.419,baseball
363,4/12/2014,at,Franklin & Marshall,W,2-1,35,2,9,1,1,0,0,1,0,0,0,1,1,0,1,8,27,11,1,0.257,baseball
364,4/16/2014,at,Swarthmore,L,3-4,33,3,7,2,3,0,0,1,0,1,0,0,0,0,0,10,24,14,1,0.212,baseball
365,4/18/2014,,Swarthmore,W,3-0,29,3,6,3,1,1,0,3,0,2,0,1,1,0,0,8,27,13,1,0.207,baseball
366,4/19/2014,at,Gettysburg,W,12-4,44,12,20,10,2,0,0,6,0,2,1,2,1,1,1,4,27,11,0,0.455,baseball
367,4/19/2014,at,Gettysburg,L,7-12,40,7,11,6,5,0,0,2,0,0,0,2,0,0,1,3,24,14,3,0.275,baseball
368,4/21/2014,,Haverford,L,4-11,32,4,7,4,0,0,1,3,0,0,1,1,0,1,0,6,27,9,4,0.219,baseball
369,4/22/2014,,Dickinson,L,6-7,36,6,9,4,3,0,0,2,0,0,1,1,0,1,1,10,27,15,3,0.25,baseball
370,4/25/2014,at,Dickinson,T,6-6,31,6,10,6,3,0,1,5,0,2,0,1,0,1,0,11,21,5,3,0.323,baseball
371,4/26/2014,,Johns Hopkins,L,4-14,32,4,6,4,0,0,1,0,0,1,0,2,0,1,0,6,27,14,3,0.188,baseball
372,4/26/2014,,Johns Hopkins,W,10-9,51,10,17,10,1,1,2,6,2,0,0,2,1,0,0,10,33,20,5,0.333,baseball
373,4/28/2014,,DeSales,L,5-9,36,5,11,4,1,0,0,5,0,0,1,1,0,1,0,6,27,13,4,0.306,baseball
374,5/1/2014,at,Haverford College,W,9-5,36,9,11,8,3,0,1,7,0,2,0,1,0,1,1,12,27,10,2,0.306,baseball
375,5/3/2014,at,Gettysburg,L,1-2,30,1,3,0,1,0,0,0,0,0,0,1,0,0,2,5,24,16,3,0.1,baseball
376,5/3/2014,vs,Haverford College,L,6-8,35,6,12,6,3,1,0,7,0,1,0,0,1,2,1,5,24,7,5,0.343,baseball
377,Total,,,,229-253,1286,229,337,199,77,7,12,155,2,42,9,43,17,17,22,246,969,472,83,,baseball
378,2/23/2013,at,Gallaudet,W,8-4,29,8,10,8,3,1,0,8,0,0,1,2,0,1,1,3,21,2,2,0.345,baseball
379,2/23/2013,at,Gallaudet,W,4-3,23,4,8,4,4,1,0,3,0,2,1,0,0,0,0,2,15,2,2,0.348,baseball
380,2/24/2013,vs,Catholic University,L,3-8,36,3,8,3,2,0,0,4,0,2,0,0,0,0,1,5,24,12,5,0.222,baseball
381,3/3/2013,vs,Martin Luther,W,16-2,35,16,14,13,5,0,0,5,0,4,0,3,0,1,0,3,21,11,0,0.4,baseball
382,3/4/2013,vs,Lebanon Valley,W,12-2,43,12,15,10,7,0,0,7,0,4,0,1,0,0,1,6,27,9,3,0.349,baseball
383,3/5/2013,vs,Geneva,W,11-2,34,11,14,10,6,1,0,2,0,1,0,1,1,1,0,5,21,6,0,0.412,baseball
384,3/5/2013,vs,Geneva,L,4-6,27,4,6,3,0,0,0,1,0,1,0,2,1,1,0,11,21,13,1,0.222,baseball
385,3/7/2013,vs,Elizabethtown,W,12-3,41,12,15,12,2,1,1,5,0,3,0,1,0,1,1,6,27,13,1,0.366,baseball
386,3/8/2013,vs,Northwestern (Minn.),W,4-1,35,4,9,3,0,0,0,7,0,2,0,0,1,0,0,1,27,10,4,0.257,baseball
387,3/8/2013,vs,Marywood,L,2-5,37,2,13,2,2,0,0,2,0,1,1,0,1,0,2,2,24,7,4,0.351,baseball
388,3/9/2013,vs,Penn State Behrend,W,7-6,38,7,12,6,1,0,0,4,0,0,0,0,1,1,0,12,27,11,1,0.316,baseball
389,3/13/2013,,Moravian,W,6-5,38,6,10,5,3,1,0,3,1,0,1,0,0,0,0,3,30,12,2,0.263,baseball
390,3/20/2013,,Penn State Berks,W,9-7,34,9,9,8,1,1,1,2,0,1,0,1,0,0,1,2,27,13,4,0.265,baseball
391,3/23/2013,at,New Jersey,L,3-12,35,3,8,2,2,0,0,3,0,0,0,1,0,0,0,8,24,10,3,0.229,baseball
392,3/23/2013,at,New Jersey,L,1-15,36,1,8,1,2,0,0,1,0,0,0,1,0,0,2,3,24,12,3,0.222,baseball
393,3/24/2013,,Susquehanna,L,4-7,33,4,8,4,0,0,0,5,0,1,1,1,0,1,0,5,27,17,2,0.242,baseball
394,3/24/2013,,Susquehanna,L,6-7,38,6,10,3,0,0,0,5,0,1,1,0,0,0,0,7,27,14,1,0.263,baseball
395,3/29/2013,,PennState Brandywine,W,15-8,49,15,25,13,1,0,1,5,0,7,0,1,1,1,1,5,27,10,3,0.51,baseball
396,3/30/2013,at,Washington College,W,10-4,41,10,15,9,6,0,0,5,0,4,0,2,0,0,1,3,27,9,2,0.366,baseball
397,3/30/2013,at,Washington College,L,2-3,33,2,5,2,0,0,0,3,0,0,1,2,1,1,0,5,26,7,3,0.152,baseball
398,4/2/2013,,Ursinus,W,14-11,42,14,19,12,5,1,2,2,0,3,0,0,0,0,1,3,27,15,1,0.452,baseball
399,4/3/2013,,Keuka,W,22-11,41,22,21,21,4,1,0,8,0,4,0,3,0,1,1,5,24,10,2,0.512,baseball
400,4/5/2013,at,Ursinus,L,1-4,32,1,10,1,1,0,0,5,0,0,1,1,0,0,1,2,24,11,2,0.313,baseball
401,4/6/2013,,McDaniel,L,0-3,33,0,8,0,1,0,0,2,0,0,0,2,0,0,1,4,27,15,2,0.242,baseball
402,4/6/2013,,McDaniel,L,1-2,33,1,7,1,2,0,0,2,0,0,0,0,1,0,0,9,27,13,3,0.212,baseball
403,4/9/2013,,Haverford,L,9-17,45,9,16,4,1,0,2,2,0,0,0,1,0,0,0,4,27,14,4,0.356,baseball
404,4/13/2013,,Franklin & Marshall,W,7-5,32,7,8,5,2,0,1,2,0,1,0,1,0,0,1,2,27,14,3,0.25,baseball
405,4/13/2013,,Franklin & Marshall,L,3-6,34,3,8,3,1,0,0,4,1,0,0,0,3,0,0,7,27,13,2,0.235,baseball
406,4/14/2013,at,Haverford,W,9-6,37,9,12,7,1,1,0,9,0,1,0,0,1,1,2,4,27,11,2,0.324,baseball
407,4/16/2013,,Swarthmore,L,4-6,36,4,7,4,2,0,0,1,0,2,0,1,0,0,0,1,27,13,1,0.194,baseball
408,4/19/2013,at,Swarthmore,W,6-5,42,6,10,5,2,0,0,4,0,0,0,2,0,2,0,4,33,15,1,0.238,baseball
409,4/20/2013,,Gettysburg,L,0-8,31,0,6,0,0,1,0,0,0,0,0,1,0,0,1,6,27,13,4,0.194,baseball
410,4/20/2013,,Gettysburg,L,1-7,32,1,5,1,3,0,0,1,0,0,0,0,0,0,0,12,27,6,0,0.156,baseball
411,4/22/2013,at,Moravian,L,3-9,35,3,6,2,0,1,0,2,0,0,0,0,0,0,1,4,24,14,1,0.171,baseball
412,4/23/2013,at,Dickinson,W,9-8,37,9,13,8,2,0,1,5,0,2,1,2,1,1,0,5,27,11,2,0.351,baseball
413,4/26/2013,,Dickinson,W,23-6,47,23,18,21,5,0,0,6,0,2,0,3,0,2,1,2,27,8,5,0.383,baseball
414,4/27/2013,at,Johns Hopkins,L,2-15,32,2,7,2,2,0,0,1,0,0,1,1,0,0,0,9,24,9,4,0.219,baseball
415,4/27/2013,at,Johns Hopkins,L,5-6,40,5,9,5,1,0,0,3,0,1,0,1,0,1,0,8,28,11,0,0.225,baseball
416,4/30/2013,,Drew,W,9-2,36,9,14,8,2,0,0,4,0,2,1,1,0,0,0,4,27,10,4,0.389,baseball
417,5/1/2013,at,DeSales,L,2-10,33,2,4,2,0,0,0,1,0,3,0,0,0,0,0,8,24,10,2,0.121,baseball
418,Total,,,,269-257,1445,269,430,233,84,11,9,144,2,55,11,39,13,17,21,200,1026,436,91,,baseball
